{"SC":{"desvio_padrao":97.233492793433058,"media":649.537652742256341,"mediana":653.0,"moda":850.0},"RS":{"desvio_padrao":95.136598413835699,"media":651.105142857142823,"mediana":650.0,"moda":850.0},"PR":{"desvio_padrao":98.607185913097723,"media":648.961294049682238,"mediana":650.0,"moda":850.0}}